sequence	cluster 1	cluster 2	cluster 3	cluster 4	Average	Std
WT	1.90E-09	5.50E-10	8.60E-10	7.60E-10	1.02E-09	5.2165E-10
d9	3.30E-07	5.10E-07	4.90E-07	4.20E-07	4.38E-07	7.04894E-08
d27	4.80E-07	1.70E-07	4.90E-07	1.20E-06	5.85E-07	3.77657E-07
d33	2.40E-09	1.10E-08	1.50E-07	2.20E-07	9.59E-08	9.25714E-08
dnd	5.90E-10	8.10E-10	1.50E-09	7.10E-09	2.50E-09	2.67695E-09
