sequence	cluster 1	cluster 2	cluster 3	cluster 4	Average	Std
WT	-12.3	-12.6	-12.4	-12.4	-12.425	0.108972474
d9	-8.8	-8.6	-8.6	-8.7	-8.675	0.08291562
d27	-8.6	-9.2	-8.6	-8.1	-8.625	0.389711432
d33	-11.8	-10.8	-9.3	-9.1	-10.25	1.110180166
dnd	-12.6	-12.4	-12	-11.1	-12.025	0.576085931

